row_index,post_id
0,1t5vs8t
1,1t5vs8t
2,1s84l18
3,1s1ipep
4,1sztk86
5,1qb5r3y
6,1te8578
7,1te7y13
8,1te0mhh
9,1te0mhh
10,1tdxrj1
11,1tdxfss
12,1tdx1na
13,1tdvtis
14,1tdtmr6
15,1tcvngy
16,1tctyui
17,1tbafy2
18,1soql9c
19,1sx0ngg
20,1sx0ngg
21,1sx0ngg
22,1strcoa
23,1szn9b0
24,1t1yvzr
25,1sxaj1t
26,1smtoh1
27,1tavcuo
28,1t994i8
29,1snlp17
30,1qb68xg
31,1r6az13
32,1rocwic
33,1teamk7
34,1teamk7
35,1teamk7
36,1te0lqt
37,1te0lqt
38,1t5dkml
39,1t1nisf
40,1t1mpla
41,1t1mpla
42,1t0xd1i
43,1sxv8dr
44,1sxo9fa
45,1sskvzl
46,1sskvzl
47,1sq4ads
48,1str8gi
49,1t1lhna
50,1s4zk68
51,1sd8t5u
52,1qq2lur
53,1sudb8f
54,1s31vwq
55,1q2phbx
56,1r59hz2
57,1r89084
58,1rqxrfq
59,1t7kq51
60,1t7kq51
61,1q8eik3
62,1te2lmk
63,1tctsqo
64,1tcnpua
65,1tchici
66,1tblluj
67,1tbkbn9
68,1tbkbn9
69,1t1b4mk
70,1t1b4mk
71,1soy1nc
72,1sub6sj
73,1t8rnho
74,1sofo3l
75,1t5y55h
76,1swcwb6
77,1sydd8f
78,1sx14iz
79,1sety7u
80,1s6u3e5
81,1srh8wv
82,1sikcpv
83,1rnvlsb
84,1t30xv1
85,1r9wv55
86,1q2x8l9
87,1q2x8l9
88,1r43ocy
89,1tdxyuw
90,1tdjq8w
91,1tcvmc7
92,1ta6j7r
93,1t9yrx2
94,1t7vkyu
95,1t5y7ac
96,1t4pbmn
97,1t27qon
98,1sygmlw
99,1srsikg
100,1sp28lt
101,1sp28lt
102,1so7xxi
103,1soy81g
