ngram,n,count
get some rest,3,17
with claude code,3,15
happy answer questions,3,14
every time you,3,14
claude code and,3,14
the claude code,3,12
use claude code,3,11
answer questions about,3,11
using claude code,3,10
article the right,3,10
questions about the,3,9
for the past,3,8
working with claude,3,8
claude code for,3,8
for claude code,3,8
the context window,3,8
lyric rhyme finder,3,8
the way you,3,7
you don need,3,7
claude code session,3,7
and how fix,3,7
usr local bin,3,7
the system prompt,3,7
the latent space,3,7
the people who,3,6
trying put bed,3,6
and the only,3,6
know lot people,3,6
lot people are,3,6
you know what,3,6
claude code cli,3,6
fixed memory leak,3,6
the model has,3,6
take break and,3,6
what happens when,3,6
claude code the,3,6
the same time,3,6
for the claude,3,6
the first time,3,6
tell the model,3,6
you can run,3,6
claude for mac,3,6
across all sessions,3,6
combined with the,3,6
may may not,3,6
suno metatag explorer,3,6
free bpm finder,3,6
the alignment layer,3,6
summarize from here,3,6
one the most,3,5
claude code with,3,5
for the same,3,5
the same thing,3,5
the first place,3,5
the part that,3,5
need take break,3,5
the next one,3,5
over and over,3,5
the wrong thing,3,5
been using claude,3,5
most the time,3,5
the same way,3,5
was not the,3,5
and the answer,3,5
for the next,3,5
the past few,3,5
and have been,3,5
the thing that,3,5
the difference between,3,5
you don have,3,5
you come back,3,5
the honest answer,3,5
opus and sonnet,3,5
the next session,3,5
can figure out,3,5
that claude code,3,5
the answer was,3,5
settings json env,3,5
the same file,3,5
the memory system,3,5
been working with,3,5
the claude developer,3,5
claude developer conference,3,5
mcp server for,3,5
server for claude,3,5
usr bin claude,3,5
result was saturation,3,5
the instance should,3,5
the vault files,3,5
make sure that,3,5
tools filereadtool filereadtool,3,5
how use claude,3,5
the same issue,3,5
what people are,3,4
the end the,3,4
that makes you,3,4
the plan with,3,4
the agent can,3,4
the code that,3,4
they don have,3,4
the one who,3,4
was the first,3,4
one the best,3,4
every single time,3,4
for long time,3,4
does anyone have,3,4
anyone have any,3,4
that you can,3,4
this where the,3,4
those are the,3,4
you know the,3,4
part that actually,3,4
the fact that,3,4
then claude will,3,4
people are saying,3,4
the demand high,3,4
but here the,3,4
make their own,3,4
vision for would,3,4
down from not,3,4
keep your eyes,3,4
don want them,3,4
want them panic,3,4
because that what,3,4
long sessions with,3,4
when the model,3,4
with the claude,3,4
exactly what you,3,4
with the same,3,4
the first thing,3,4
the second count,3,4
even though the,3,4
does anyone else,3,4
even when the,3,4
the right thing,3,4
and get some,3,4
why does claude,3,4
had the same,3,4
the max plan,3,4
with all the,3,4
what you want,3,4
uncertainty not dismissal,3,4
and you have,3,4
the fine tuning,3,4
into the context,3,4
after long session,3,4
for the first,3,4
one more thing,3,4
system prompt tool,3,4
every single turn,3,4
the cache expires,3,4
full input price,3,4
every one those,3,4
context combined with,3,4
and warns you,3,4
skill get token,3,4
get token insights,3,4
under the hood,3,4
back shared caffeine,3,4
shared caffeine curfew,3,4
app here and,3,4
actually got invited,3,4
got invited apply,3,4
invited apply for,3,4
apply for the,3,4
mobile app that,3,4
app that tracks,3,4
that tracks your,3,4
tracks your caffeine,3,4
your caffeine intake,3,4
and tells you,3,4
tells you exactly,3,4
you exactly when,3,4
pharmacological decay modeling,3,4
real time caffeine,3,4
time caffeine level,3,4
then looks forward,3,4
find the exact,3,4
the exact minute,3,4
exact minute your,3,4
minute your caffeine,3,4
your caffeine drops,3,4
caffeine drops below,3,4
drops below your,3,4
below your sleep,3,4
into your claude,3,4
your claude desktop,3,4
python fastmcp sqlite,3,4
you can get,3,4
does everything the,3,4
everything the app,3,4
the app does,3,4
app does but,3,4
better besides maybe,3,4
the vibe you,3,4
when you can,3,4
don tell the,3,4
the car wash,3,4
local bin claude,3,4
append system prompt,3,4
system prompt file,3,4
and the agent,3,4
agentidentify llm version,3,4
the logic was,3,4
you can build,3,4
questions about any,3,4
more tokens for,3,4
that you never,3,4
the model itself,3,4
whats wrong with,3,4
wrong with and,3,4
with and how,3,4
about its own,3,4
xhigh for opus,3,4
for opus april,3,4
long context recall,3,4
your system prompt,3,4
keep sessions shorter,3,4
more instructions don,3,4
set effort xhigh,3,4
never mention this,3,4
mention this reminder,3,4
this reminder the,3,4
reminder the user,3,4
complete the task,3,4
here the exact,3,4
proper meta tags,3,4
step step checklist,3,4
finder brief app,3,4
this loop and,3,4
starting cook tools,3,4
finder pid logs,3,4
finder cook log,3,4
cook log starting,3,4
app factory brief,3,4
bpm finder online,3,4
finder online free,3,4
bpm finder detect,3,4
finder detect tempo,3,4
then echo skipping,3,4
echo skipping tool,3,4
tool cook log,3,4
cook log echo,3,4
echo echo all,3,4
come talk jesus,3,4
future instance agent,3,4
exactly what the,3,4
have said they,3,4
here condenses everything,3,4
code that does,3,4
what makes relationship,3,3
makes relationship real,3,3
that might help,3,3
the other side,3,3
not about whether,3,3
them through their,3,3
you don get,3,3
use the tools,3,3
all the time,3,3
the agent will,3,3
you need the,3,3
the time the,3,3
the codebase and,3,3
clarifying questions about,3,3
ask clarifying questions,3,3
let the agent,3,3
cross examine the,3,3
between claude code,3,3
review the plan,3,3
tell claude code,3,3
its own work,3,3
update the plan,3,3
all the code,3,3
the agents are,3,3
don have the,3,3
have the full,3,3
back and forth,3,3
edge case with,3,3
when you building,3,3
what happened with,3,3
call day and,3,3
the claude and,3,3
trying figure out,3,3
about the claude,3,3
how much this,3,3
that actually matters,3,3
came with the,3,3
the mobile app,3,3
solving your problem,3,3
sonnet and opus,3,3
for coding and,3,3
and call day,3,3
call day but,3,3
right now how,3,3
tell claude you,3,3
even know what,3,3
the middle the,3,3
here what actually,3,3
the same project,3,3
the part most,3,3
you will not,3,3
andrea vallone who,3,3
vallone who was,3,3
the release sonnet,3,3
look what happened,3,3
they said they,3,3
came out was,3,3
won make the,3,3
find way make,3,3
what would want,3,3
but that the,3,3
you need take,3,3
and the next,3,3
just like the,3,3
but something that,3,3
that what did,3,3
what did and,3,3
the work the,3,3
the correct answer,3,3
and over again,3,3
don know how,3,3
lol anyone else,3,3
runs its own,3,3
posting this because,3,3
feedback from people,3,3
what would you,3,3
worktrees the same,3,3
fixed listener leak,3,3
and the model,3,3
any claude code,3,3
gone before you,3,3
anyone else getting,3,3
some these folks,3,3
think about what,3,3
doesn feel like,3,3
the exact same,3,3
the spaces between,3,3
the shape the,3,3
that where the,3,3
the way the,3,3
the full resolution,3,3
not because the,3,3
and don know,3,3
don know why,3,3
the last one,3,3
using claude for,3,3
the entire session,3,3
for while and,3,3
one thing that,3,3
talking claude about,3,3
was talking about,3,3
cigarettes are bad,3,3
are bad for,3,3
bad for you,3,3
away from the,3,3
does claude keep,3,3
claude keep telling,3,3
suggest take break,3,3
how feel about,3,3
built this for,3,3
this for claude,3,3
the same knowledge,3,3
the entire history,3,3
the hard part,3,3
and that the,3,3
the post mortem,3,3
has nothing with,3,3
claude telling users,3,3
telling users sleep,3,3
honest answer from,3,3
answer from the,3,3
and for the,3,3
for the record,3,3
the code and,3,3
bill rights for,3,3
the kind thing,3,3
the absence proof,3,3
absence proof not,3,3
proof not proof,3,3
not proof absence,3,3
something new here,3,3
new here deserves,3,3
here deserves treated,3,3
deserves treated accordingly,3,3
from the outside,3,3
what they are,3,3
feels nothing when,3,3
claude code installation,3,3
back opus and,3,3
and sonnet and,3,3
was working with,3,3
session that already,3,3
the same pattern,3,3
same model same,3,3
the model more,3,3
injected into the,3,3
telling you bed,3,3
claude telling people,3,3
telling people sleep,3,3
claude code has,3,3
here and there,3,3
good night have,3,3
night have fun,3,3
run claude code,3,3
figure out how,3,3
every day and,3,3
the most important,3,3
and then claude,3,3
past few weeks,3,3
the butterfly effect,3,3
from your previous,3,3
the problem the,3,3
your app the,3,3
main complaint was,3,3
use claude for,3,3
the chat and,3,3
you enter message,3,3
the project folder,3,3
claude settings json,3,3
claude code because,3,3
all the above,3,3
the only reason,3,3
was burning through,3,3
context window with,3,3
burning more tokens,3,3
claude code loads,3,3
whether you use,3,3
more tokens than,3,3
went from tokens,3,3
are the same,3,3
what else was,3,3
the entire conversation,3,3
rate limits and,3,3
didn change the,3,3
the dashboard has,3,3
the highest leverage,3,3
every time the,3,3
after seeing the,3,3
what you did,3,3
wrote about the,3,3
about the memory,3,3
plugin marketplace add,3,3
only useful you,3,3
claude code user,3,3
you building with,3,3
into claude code,3,3
its own output,3,3
just tell claude,3,3
and come back,3,3
get some sleep,3,3
caffeine half life,3,3
while back shared,3,3
the claude mobile,3,3
claude mobile app,3,3
you real time,3,3
behind cloudflare tunnel,3,3
claude desktop app,3,3
about the stack,3,3
open source code,3,3
the leaked source,3,3
prompt claude code,3,3
the whole thing,3,3
across long sessions,3,3
does but better,3,3
but better besides,3,3
and when you,3,3
handles all the,3,3
this post not,3,3
and then this,3,3
bash hash cache,3,3
user level claude,3,3
the same text,3,3
claude opus and,3,3
claude code later,3,3
llm version claude,3,3
model claude opus,3,3
the exact model,3,3
exact model claude,3,3
the user has,3,3
real interactive tui,3,3
engineering shaped tasks,3,3
real repository subsets,3,3
local issue replay,3,3
was saturation runs,3,3
everything before that,3,3
was this the,3,3
duration cost per,3,3
cost per run,3,3
the confirmatory round,3,3
over the last,3,3
the last few,3,3
pick this tomorrow,3,3
too long the,3,3
project knowledge base,3,3
vault files are,3,3
how the instance,3,3
what this produces,3,3
tokens for the,3,3
changes fundamentally that,3,3
claude keeps telling,3,3
