term,count
the,734
and,572
you,379
that,335
claude,281
for,232
this,228
bed,201
not,170
just,147
like,145
sleep,143
with,142
when,140
have,138
time,135
session,131
but,129
get,124
tell,121
are,112
wa,104
work,96
what,88
long,87
now,84
thing,82
can,82
about,79
will,77
ha,76
your,76
all,75
take,74
day,73
told,70
some,68
telling,66
how,65
been,63
more,62
think,61
break,60
one,59
because,57
then,57
don,56
they,55
context,55
from,54
doe,54
too,53
use,52
need,51
chat,51
know,51
even,48
after,48
want,48
also,48
it,48
say,48
nudge,47
before,46
people,46
would,44
something,44
lol,43
still,43
much,43
never,42
there,41
start,41
should,41
why,41
into,40
lot,40
user,40
keep,40
opus,39
same,39
bedtime,39
prompt,39
out,38
way,38
model,37
make,37
good,37
conversation,37
always,37
said,36
well,36
hour,36
every,36
mine,36
rest,35
back,35
stop,34
really,34
got,34
token,34
anthropic,32
system,32
usage,32
code,31
here,31
being,31
actually,31
done,31
going,30
memory,30
doesn,30
getting,30
only,29
other,29
doing,29
started,29
night,28
than,28
feel,27
limit,27
try,27
them,26
issue,26
could,25
yes,25
off,25
ask,25
trying,25
once,25
let,24
did,24
working,24
him,24
most,23
often,23
tired,23
question,23
yeah,23
very,23
maybe,22
probably,22
first,22
see,22
while,22
love,22
late,21
using,21
last,21
new,21
tomorrow,21
better,20
instruction,20
sometimes,20
tool,20
without,20
point,20
post,20
message,20
today,20
sonnet,19
come,19
which,19
project,19
their,19
where,19
week,19
own,19
noticed,19
morning,19
call,18
sure,18
next,18
window,18
put,18
hard,18
over,18
idea,18
many,18
isn,18
right,17
these,17
hit,17
ever,17
who,17
until,17
task,17
human,17
month,17
look,16
end,16
check,16
gemini,16
llm,16
bit,16
help,16
great,16
problem,16
coding,16
find,16
sense,16
though,16
nanny,16
any,16
enough,16
test,16
agent,16
usually,15
since,15
mean,15
almost,15
spiraling,15
best,15
run,15
talk,15
cost,15
honestly,14
through,14
having,14
real,14
give,14
asked,14
exactly,14
response,14
were,14
job,14
change,14
she,14
care,14
saying,14
happens,14
least,13
seen,13
close,13
output,13
state,13
asking,13
across,13
those,13
anything,13
pattern,13
talking,13
trigger,13
okay,12
pretty,12
part,12
story,12
stuff,12
nothing,12
nagging,12
file,12
gpt,12
mind,12
his,12
shit,12
similar,12
used,12
plan,12
continue,12
matter,12
fix,12
full,12
guess,11
both,11
everything,11
experience,11
few,11
mention,11
whole,11
understand,11
save,11
single,11
mode,11
type,11
tried,11
eat,11
didn,11
reply,11
training,11
annoying,11
free,11
reminder,11
pick,11
thank,10
haven,10
api,10
local,10
during,10
person,10
minute,10
reason,10
personally,10
ago,10
down,10
each,10
lcr,10
seems,10
answer,10
etc,10
little,10
fact,10
around,10
life,10
again,10
happened,10
max,10
pro,10
drop,10
thinking,10
codex,10
fucking,9
treat,9
amount,9
writing,9
behavior,9
please,9
skill,9
kind,9
course,9
effect,9
bot,9
feeling,9
personal,9
word,9
might,9
found,9
mentioned,9
sending,9
later,9
thought,9
wrap,9
soft,9
waste,9
big,8
her,8
instance,8
write,8
year,8
yet,8
else,8
looking,8
our,8
reddit,8
helpful,8
nice,8
friend,8
workflow,8
especially,8
reasoning,8
less,8
high,8
turn,8
away,8
giving,8
wrong,8
feature,8
constantly,8
old,8
research,8
app,8
literally,8
finally,8
key,8
immediately,8
gate,8
dont,7
character,7
asks,7
setup,7
track,7
making,7
open,7
may,7
case,7
self,7
built,7
whatever,7
handle,7
keeping,7
interview,7
wake,7
between,7
specific,7
update,7
emotion,7
notice,7
wonder,7
either,7
talked,7
go,7
approach,7
happening,7
lmao,7
seeing,7
send,7
lately,7
fresh,7
low,7
resource,7
drift,7
text,7
wouldn,7
heavy,7
starting,7
different,7
trick,7
must,7
iterating,7
energy,6
seriously,6
special,6
stay,6
machine,6
straight,6
date,6
yesterday,6
early,6
consumer,6
correct,6
came,6
hold,6
someone,6
paying,6
against,6
value,6
difference,6
seem,6
remember,6
level,6
account,6
basically,6
explicit,6
step,6
structure,6
eventually,6
multiple,6
guy,6
company,6
injection,6
believe,6
everyone,6
preference,6
place,6
personality,6
control,6
definitely,6
limitation,6
won,6
show,6
endearing,6
haha,6
slept,6
software,6
kept,6
leave,6
schedule,6
longer,6
custom,6
topic,6
create,6
weird,6
anyway,6
vibe,6
far,6
completely,6
cache,6
explicitly,6
super,6
edit,6
himself,6
persistent,6
normal,6
complex,6
phase,6
result,6
cli,6
tmux,6
planning,5
baby,5
follow,5
setting,5
wait,5
data,5
suggestion,5
suggesting,5
treating,5
consistent,5
checking,5
logic,5
exact,5
dev,5
past,5
deep,5
massive,5
tiny,5
sort,5
watch,5
solid,5
top,5
passed,5
