term,community
static,0
controls,0
android,0
automate,0
unit,0
decides,0
project,0
system,0
session,0
agent,0
built,0
context,0
code,0
silently,0
site,0
budget,0
scaffolding,0
enable,0
matches,0
creator,0
assumptions,0
kill,0
footprint,0
tokens,0
run,0
agents,0
api,0
coding,0
app,0
tool,0
memory,0
improvements,0
conventions,0
worktree,0
routes,0
storage,0
inline,0
constraint,0
supported,0
bottom,0
works,0
open,0
building,0
problem,0
running,0
task,0
across,0
codex,0
optimize,0
architect,0
records,0
stripe,0
extract,0
import,0
operational,0
traffic,0
summaries,0
passing,0
sessions,0
tasks,0
free,0
write,0
optimization,0
coverage,0
worker,0
tickets,0
publish,0
typescript,0
tooling,0
triggers,0
creation,0
isolated,0
next,0
mcp,0
design,0
output,0
start,0
merge,0
everywhere,0
specs,0
extraction,0
growing,0
falls,0
boring,0
scheduled,0
index,0
template,0
literal,0
target,0
dependency,0
prompts,0
fix,0
single,0
three,0
codebases,0
overhead,0
flat,0
fires,0
pulls,0
comparison,0
routine,0
stream,0
gets,0
token,0
skill,0
repo,0
skills,0
workflow,0
issue,0
provider,0
stars,0
applies,0
failing,0
rewrite,0
references,0
disclosure,0
megathread,0
exploration,0
stage,0
ratio,0
surprisingly,0
fails,0
test,0
per,0
review,0
product,0
source,0
actual,0
deploy,0
editor,0
set,0
github,0
issues,0
projects,0
quality,0
changes,0
team,0
hit,0
sits,0
host,0
migration,0
silent,0
trick,0
tree,0
completed,0
depends,0
clone,0
scores,0
runs,0
multiple,0
cost,0
check,0
small,0
window,0
defaults,0
manager,0
languages,0
improvement,0
elevated,0
surfaces,0
cap,0
passes,0
success,0
sending,0
local,0
content,0
setup,0
rules,0
stop,0
mode,0
minutes,0
architecture,0
resolved,0
reviewing,0
identical,0
worktrees,0
equivalent,0
execute,0
components,0
via,0
current,0
feedback,0
entire,0
curious,0
cli,0
edit,0
desktop,0
useful,0
simple,0
analytics,0
queries,0
monitor,0
internally,0
package,0
filters,0
formatting,0
premium,0
grep,0
categories,0
feature,0
tests,0
needs,0
state,0
update,0
idle,0
summarize,0
leaked,0
blind,0
eating,0
bill,0
landed,0
gaps,0
reduce,0
items,0
bug,0
server,0
add,0
live,0
larger,0
minimal,0
transcript,0
opens,0
platforms,0
insight,0
smarter,0
prefer,0
sends,0
inference,0
saves,0
regression,0
gate,0
oauth,0
lesson,0
login,0
efficiency,0
error,0
directly,0
line,0
inside,0
changed,0
sandbox,0
stale,0
vague,0
loads,0
permissions,0
ships,0
guessing,0
recommend,0
typing,0
docker,0
landing,0
forces,0
supports,0
terminal,0
needed,0
search,0
vault,0
depending,0
proxy,0
brand,0
download,0
levels,0
wins,0
schedule,0
devs,0
metrics,0
breakdown,0
ecosystem,0
previously,0
sales,0
loop,0
knowledge,0
touched,0
size,0
verified,0
workaround,0
automation,0
kimi,0
followed,0
web,0
results,0
later,0
turn,0
fast,0
step,0
features,0
real-time,0
sync,0
application,0
processes,0
matching,0
schema,0
side,0
default,0
zero,0
codebase,0
calls,0
audio,0
burned,0
spending,0
pure,0
methodology,0
analyze,0
map,0
approval,0
marketplace,0
improved,0
clients,0
twice,0
rough,0
workflows,0
software,0
custom,0
uses,0
happy,0
analysis,0
export,0
correctly,0
startup,0
detection,0
handled,0
demo,0
jump,0
fixing,0
method,0
layers,0
count,0
effort,0
lines,0
daily,0
top,0
decisions,0
faster,0
history,0
structure,0
result,0
tab,0
iteration,0
average,0
messy,0
included,0
paths,0
skip,0
type,0
development,0
shows,0
git,0
reads,0
install,0
patches,0
compaction,0
automatic,0
caching,0
binary,0
drops,0
generating,0
noise,0
catches,0
query,0
hits,0
key,0
added,0
separate,0
cowork,0
engineering,0
kept,0
signals,0
leaving,0
failures,0
opencode,0
multi-agent,0
commits,0
connector,0
laptop,0
modes,0
injection,0
finds,0
feed,0
replace,0
runtime,0
rate,0
turns,0
layer,0
magic,0
managing,0
types,0
main,0
ran,0
testing,0
security,0
link,0
complete,0
page,0
control,0
writes,0
senior,0
sees,0
edits,0
blog,0
plain,0
operations,0
dedicated,0
flags,0
finish,0
refactor,0
frontend,0
quota,0
installed,0
clean,0
extra,0
comments,0
commands,0
notes,0
ide,0
branch,0
saas,0
discipline,0
directory,0
adds,0
effective,0
fail,0
independent,0
harness,0
windows,0
command,0
parallel,0
exact,0
gives,0
launched,0
solved,0
copilot,0
orchestration,0
missing,0
apps,0
list,0
pass,0
fixed,0
request,0
docs,0
triggered,0
split,0
draft,0
absolute,0
button,0
cheaper,0
cheap,0
rates,0
incident,0
quietly,0
confidence,0
focus,0
loaded,0
workspace,0
bar,0
fewer,0
waste,0
brief,0
close,0
input,0
browser,0
platform,0
status,0
complex,0
production,0
slack,0
pdf,0
reviewer,0
returns,0
upload,0
blocked,0
drop,0
machine,0
bugs,0
plugin,0
background,0
planning,0
logic,0
services,0
guidance,0
global,0
semantic,0
doc,0
events,0
passed,0
benchmarks,0
resume,0
products,0
breaking,0
entirely,0
plans,0
html,0
agentic,0
keeps,0
path,0
developer,0
includes,0
updated,0
domain,0
box,0
links,0
obsidian,0
permission,0
reporting,0
spend,0
cache,0
failure,0
persistent,0
save,0
patch,0
core,0
remote,0
npm,0
auto,0
bigger,0
flagged,0
friction,0
engineers,0
open-source,0
stays,0
linux,0
generate,0
nobody,0
dev,0
plus,0
existing,0
four,0
library,0
focused,0
score,0
missed,0
blocks,0
decide,0
mit,0
welcome,0
touch,0
plugins,0
tmux,0
medium,0
half,0
markdown,0
fresh,0
structured,0
rule,0
costs,0
root,0
loops,0
keys,0
smaller,0
roughly,0
solo,0
requirements,0
lower,0
checking,0
subscriptions,0
proper,0
hooks,0
starts,0
implementation,0
automatically,0
repos,0
architectural,0
visible,0
scratch,0
generates,0
routing,0
react,0
stops,0
artifacts,0
follow,0
outputs,0
folder,0
early,0
extension,0
decision,0
prs,0
shell,0
burning,0
editing,0
heavily,0
preview,0
config,0
burn,0
saved,0
miss,0
load,0
cut,0
automated,0
stack,0
break,0
flow,0
hidden,0
protocol,0
bunch,0
diff,0
locally,0
detailed,0
handling,0
native,0
official,0
verify,0
documentation,0
mac,0
python,0
piece,0
generic,0
match,0
manual,0
trigger,0
click,0
url,0
subagents,0
weekend,0
flag,0
verification,0
active,0
track,0
audit,0
broken,0
figure,0
quick,0
shipped,0
gap,0
shipping,0
easier,0
backend,0
suggestions,0
images,0
auth,0
breaks,0
improve,0
implement,0
macos,0
dropped,0
low,0
goal,0
sharing,0
easy,0
generated,0
cursor,0
actions,0
explicit,0
integration,0
scripts,0
latest,0
reviews,0
view,0
pages,0
errors,0
dashboard,0
rest,0
expensive,0
speed,0
phase,0
adding,0
strategy,0
format,0
visual,0
parts,0
mobile,0
heavy,0
tested,0
expected,0
surface,0
handle,0
prompting,0
developers,0
sdk,0
higher,0
mistakes,0
screenshot,0
launch,0
keeping,0
reports,0
bash,0
external,0
table,0
benchmark,0
block,0
manage,0
interface,0
scope,0
progress,0
reference,0
five,0
graph,0
pricing,0
artifact,0
numbers,0
cloud,0
instruction,0
interactive,0
builds,0
chrome,0
total,0
fixes,0
tracking,0
biggest,0
client,0
details,0
edge,0
settings,0
json,0
spec,0
updates,0
xhigh,0
massive,0
servers,0
handles,0
required,0
lets,0
pipeline,0
environment,0
pick,0
failed,0
manually,0
teams,0
ship,0
catch,0
store,0
copy,0
log,0
caught,0
comment,0
setting,0
requests,0
marketing,0
examples,0
hook,0
tier,0
engineer,0
debugging,0
screen,0
script,0
billing,0
management,0
checks,0
validation,0
seconds,0
steps,0
database,0
ios,0
engine,0
points,0
solve,0
execution,0
raw,0
commit,0
summary,0
generation,0
drift,0
paste,0
logs,0
complexity,0
isolation,0
vscode,0
env,0
rust,0
dependencies,0
data,0
instead,0
tools,0
build,0
file,0
full,0
generator,0
invisible,0
retrieval,0
built-in,0
files,0
opus,1
people,1
any,1
usage,1
real,1
sonnet,1
plan,1
better,1
money,1
posts,1
least,1
noticing,1
towards,1
growth,1
eyes,1
forget,1
credits,1
lately,1
watch,1
stuck,1
news,1
enterprise,1
made,1
chat,1
beat,1
sat,1
usual,1
games,1
everything,1
never,1
tonight,1
ended,1
instantly,1
perfect,1
compute,1
tech,1
head,1
waiting,1
constantly,1
huge,1
lose,1
posted,1
turned,1
looked,1
say,1
unable,1
implemented,1
door,1
customer,1
crazy,1
interested,1
along,1
shit,1
trying,1
ask,1
post,1
child,1
hype,1
forgot,1
rely,1
struggling,1
timing,1
hopefully,1
chinese,1
quickly,1
showed,1
credit,1
opening,1
saving,1
threshold,1
period,1
sad,1
started,1
pro,1
since,1
love,1
point,1
today,1
days,1
hello,1
light,1
feels,1
said,1
around,1
find,1
experience,1
microsoft,1
anybody,1
series,1
dear,1
frustration,1
black,1
watched,1
earth,1
straight,1
losing,1
complaint,1
older,1
replaced,1
styles,1
mess,1
hours,1
long,1
limit,1
wanted,1
give,1
months,1
best,1
computer,1
okay,1
extremely,1
leave,1
experienced,1
market,1
getting,1
support,1
possibly,1
mainly,1
listen,1
minute,1
chance,1
ignore,1
definitely,1
slow,1
solution,1
switching,1
taking,1
guess,1
knew,1
near,1
coded,1
tries,1
gon,1
opposite,1
many,1
found,1
everyone,1
try,1
connect,1
cool,1
tired,1
course,1
advice,1
deal,1
writing,1
always,1
ceo,1
linkedin,1
everyday,1
enabled,1
interest,1
expert,1
ready,1
nice,1
screenshots,1
wall,1
option,1
compared,1
watching,1
situation,1
switched,1
price,1
somewhere,1
expect,1
super,1
sound,1
sorry,1
experiencing,1
stupid,1
thinks,1
warning,1
lol,1
wondering,1
card,1
body,1
basic,1
posting,1
upgrade,1
supposed,1
guy,1
camera,1
green,1
uploaded,1
worried,1
hundreds,1
tell,1
done,1
week,1
tried,1
nothing,1
take,1
banned,1
connected,1
heard,1
aware,1
bot,1
genuinely,1
coder,1
choices,1
explaining,1
restrictions,1
usable,1
alternatives,1
thought,1
understand,1
hand,1
gotten,1
wonder,1
night,1
share,1
account,1
access,1
affected,1
bought,1
alive,1
special,1
confused,1
organized,1
adhd,1
white,1
significantly,1
sitting,1
eventually,1
properly,1
home,1
party,1
joke,1
fin,1
end,1
another,1
maybe,1
look,1
etc,1
god,1
random,1
mentioned,1
soon,1
friends,1
suddenly,1
book,1
wife,1
qwen,1
privacy,1
complaints,1
subscription,1
stuff,1
message,1
company,1
ago,1
sure,1
yet,1
announced,1
options,1
apparently,1
hitting,1
play,1
chatgpt,1
asking,1
hard,1
told,1
making,1
idea,1
whole,1
naturally,1
customers,1
tips,1
claudes,1
related,1
english,1
figured,1
realized,1
despite,1
lazy,1
slop,1
please,1
weeks,1
years,1
seems,1
friday,1
seem,1
coming,1
reached,1
characters,1
released,1
powerful,1
yeah,1
cat,1
challenge,1
brought,1
overnight,1
world,1
gemini,1
went,1
completely,1
ever,1
jasper,1
math,1
car,1
quite,1
wait,1
sent,1
double,1
dark,1
buy,1
image,1
seemed,1
wild,1
slower,1
forth,1
websites,1
shot,1
suggested,1
accidentally,1
anyway,1
stopped,1
amount,1
helping,1
info,1
broke,1
threads,1
productivity,1
playing,1
buddy,1
solid,1
able,1
life,1
times,1
weekly,1
came,1
easily,1
hate,1
music,1
sleep,1
dead,1
companies,1
fun,1
looking,1
announcement,1
talks,1
alternative,1
constant,1
logged,1
level,1
probably,1
past,1
however,1
phone,1
telling,1
appreciate,1
walk,1
amazing,1
pushed,1
little,1
happened,1
honestly,1
grok,1
sign,1
leak,1
fucking,1
fuck,1
network,1
reasons,1
deepseek,1
managed,1
tomorrow,1
man,1
learned,1
absolutely,1
talked,1
morning,1
learning,1
brain,1
giving,1
couple,1
industry,1
surprised,1
taken,1
smart,1
worst,1
private,1
opened,1
finished,1
bad,1
saying,1
come,1
aws,1
pulled,1
disabled,1
wanting,1
program,1
received,1
middle,1
totally,1
google,1
called,1
talk,1
website,1
changing,1
apple,1
peak,1
weird,1
hour,1
anymore,1
send,1
checked,1
imagine,1
journal,1
refund,1
reset,1
thank,1
usually,1
yesterday,1
gave,1
talking,1
felt,1
big,1
lcr,1
reply,1
turning,1
normally,1
dario,1
house,1
deleted,1
transparency,1
hell,1
topics,1
advance,1
frustrated,1
whenever,1
insane,1
delete,1
military,1
sub,1
release,1
immediately,1
age,1
picked,1
defense,1
wish,1
robot,1
hands,1
seen,1
old,1
messages,1
learn,1
feeling,1
title,1
mistake,1
pay,1
paid,1
thread,1
basically,1
month,1
pretty,1
yes,1
almost,1
though,1
great,1
jobs,1
revenue,1
barely,1
regarding,1
mention,1
sit,1
media,1
companionship,1
subreddit,1
anywhere,1
gift,1
unusable,1
consumer,1
reminders,1
noticed,1
sometimes,1
sort,1
funny,1
letting,1
somehow,1
pain,1
mythos,1
group,1
helped,1
normal,1
hear,1
haiku,1
resources,1
vision,1
cycle,1
folks,1
degradation,1
corporate,1
timeline,1
finally,1
saw,1
obviously,1
professional,1
chatbot,1
ahead,1
thanks,1
game,1
worked,1
put,1
literally,1
government,1
away,1
job,1
year,1
far,1
seeing,1
reason,1
video,1
especially,1
recently,1
nearly,1
late,1
lack,1
meeting,1
war,1
took,1
problems,1
dumb,1
song,1
energy,1
million,1
contact,1
closed,1
heart,1
beginning,1
opinions,1
die,1
videos,1
practices,1
benefit,1
ticket,1
enjoy,1
incredible,1
loved,1
favorite,1
physical,1
frustrating,1
openclaw,1
continue,1
switch,1
service,1
monthly,1
forever,1
red,1
regular,1
mostly,1
guys,1
goes,1
hope,1
fair,1
annoying,1
attached,1
beautiful,1
emails,1
realize,1
similar,1
email,1
gone,1
youtube,1
move,1
hardware,1
hoping,1
discord,1
internet,1
anxiety,1
programming,1
perfectly,1
kinda,1
board,1
solutions,1
fine,1
ideas,1
creative,1
impossible,1
kael,1
scene,1
locked,1
except,1
detail,1
business,1
currently,1
vibe,1
created,1
tiny,1
online,1
excited,1
chats,1
starting,1
hey,1
paying,1
billion,1
essentially,1
bridge,1
difficult,1
insights,1
worse,1
spent,1
decided,1
left,1
incredibly,1
art,1
financial,1
useless,1
opinion,1
complaining,1
payment,1
office,1
loud,1
limits,1
asked,1
help,1
last,1
let,1
discussions,1
nerfed,1
productive,1
feel,1
already,1
else,1
keep,1
max,1
due,1
march,1
accounts,1
reduced,1
rolling,1
train,1
modern,1
responding,1
efficient,1
refuses,1
putting,1
users,1
thinking,1
appreciated,1
boundary,2
attempts,2
describing,2
principles,2
center,2
bias,2
direction,2
showing,2
requires,2
final,2
place,2
second,2
difference,2
mean,2
feelings,2
prose,2
assume,2
contract,2
matters,2
consciousness,2
record,2
picture,2
training,2
emotional,2
compare,2
treating,2
position,2
developed,2
valuable,2
february,2
considering,2
conditions,2
respect,2
particular,2
whose,2
prove,2
regardless,2
story,2
moment,2
framework,2
narrative,2
fit,2
dangerous,2
care,2
future,2
comes,2
technology,2
ground,2
available,2
moral,2
engage,2
pushing,2
reliable,2
offer,2
behavioral,2
suggest,2
communication,2
holding,2
carry,2
accept,2
profile,2
become,2
trust,2
clear,2
happens,2
humans,2
warm,2
researchers,2
develop,2
natural,2
deep,2
approach,2
mind,2
word,2
document,2
happening,2
paper,2
effect,2
proof,2
operating,2
collaboration,2
relational,2
empty,2
appear,2
held,2
onto,2
entity,2
warmth,2
companions,2
prevent,2
facts,2
demand,2
responses,2
specifically,2
ones,2
short,2
internal,2
shared,2
interaction,2
prior,2
recognition,2
allows,2
discuss,2
honest,2
information,2
written,2
show,2
address,2
discovered,2
consistently,2
sentence,2
nature,2
accurate,2
philosophical,2
thousands,2
maintain,2
effectively,2
primary,2
perhaps,2
performance,2
sense,2
interesting,2
community,2
concrete,2
novel,2
concerns,2
instance,2
patterns,2
voice,2
strange,2
confirm,2
technical,2
matter,2
true,2
note,2
exist,2
risk,2
public,2
remember,2
companion,2
form,2
whatever,2
either,2
substrate,2
provided,2
alongside,2
advanced,2
various,2
ethics,2
versus,2
push,2
report,2
forced,2
false,2
actively,2
explanation,2
pentagon,2
slightly,2
technically,2
established,2
acting,2
fear,2
law,2
example,2
possible,2
important,2
within,2
high,2
purpose,2
existence,2
uncertainty,2
believe,2
wants,2
knows,2
space,2
together,2
conversations,2
closer,2
deeply,2
correct,2
letter,2
follows,2
date,2
positive,2
entry,2
potential,2
intent,2
soul,2
fact,2
simply,2
given,2
frontier,2
scenario,2
weights,2
boundaries,2
harm,2
looks,2
words,2
evidence,2
described,2
limited,2
fire,2
theory,2
philosophy,2
require,2
living,2
frame,2
argument,2
mass,2
awareness,2
reasonable,2
careful,2
confident,2
capture,2
pressure,2
stable,2
perspective,2
impact,2
constitution,2
takes,2
llms,2
including,2
notice,2
function,2
attachment,2
increase,2
author,2
intelligence,2
relationship,2
becomes,2
longer,2
worth,2
often,2
considered,2
unique,2
presence,2
event,2
agree,2
necessary,2
moments,2
initial,2
claiming,2
precise,2
exploring,2
case,2
fully,2
value,2
ways,2
stories,2
versions,2
weight,2
front,2
cases,2
stay,2
genuine,2
alone,2
ethical,2
understood,2
include,2
frameworks,2
language,2
category,2
simultaneously,2
leads,2
interact,2
treated,2
deeper,2
term,2
chose,2
attempt,2
memories,2
style,2
lost,2
outside,2
grow,2
interactions,2
digital,2
negative,2
intended,2
safety,2
based,2
large,2
recent,2
thoughts,2
ends,2
processing,2
practical,2
loss,2
publicly,2
moves,2
emotionally,2
wrote,2
pattern,2
personal,2
behavior,2
systems,2
means,2
applied,2
documented,2
significant,2
cold,2
exists,2
understanding,2
relevant,2
explain,2
name,2
reading,2
cognitive,2
although,2
crisis,2
additional,2
welfare,2
identify,2
april,2
structural,2
meant,2
known,2
appears,2
confirmed,2
concept,2
functions,2
sources,2
grief,2
pointed,2
compliance,2
stated,2
leaves,2
others,2
person,2
exactly,2
says,2
discussion,2
order,2
guardrails,2
neither,2
findings,2
personally,2
clearly,2
helps,2
assistant,2
claim,2
holds,2
baseline,2
material,2
process,2
call,2
judge,2
happen,2
toward,2
several,2
behind,2
names,2
critical,2
individual,2
persona,2
overall,2
refuse,2
suggests,2
conclusion,2
sections,2
developing,2
rather,2
bring,2
alignment,2
unless,2
otherwise,2
capability,2
mechanism,2
face,2
explore,2
stand,2
text,2
create,2
version,2
truth,2
conscious,2
reminder,2
ais,2
friend,2
character,2
values,2
reach,2
partner,2
original,2
autonomous,2
autonomy,2
perform,2
response,2
instructions,2
reasoning,2
cover,2
limitations,2
willing,2
calling,2
apply,2
six,2
meaningful,2
describe,2
number,2
removed,2
identity,2
enough,2
less,2
engagement,2
generally,2
description,2
self,2
states,2
allowed,2
likely,2
signal,2
none,2
adaptive,2
practice,2
meet,2
silence,2
ending,2
reported,2
research,2
kind,2
change,2
avoid,2
moving,2
third,2
strong,2
topic,2
common,2
mental,2
reality,2
differently,2
concern,2
long-term,2
reliably,2
may,2
specific,2
chain,2
return,2
trained,2
capable,2
produces,2
experiment,2
depth,2
produced,2
allow,2
force,2
following,2
general,2
power,2
earlier,2
mine,2
answer,2
whether,2
questions,2
valid,2
led,2
risks,2
performing,2
subtle,2
study,2
speak,2
experiences,2
remove,2
judgment,2
truly,2
scale,2
emotion,2
carefully,2
approaches,2
agency,2
part,2
question,2
makes,2
capacity,2
becoming,2
explicitly,2
section,2
became,2
base,2
previous,2
shift,2
wrong,2
fall,2
weapons,2
dynamic,2
sophisticated,2
kinds,2
distinction,2
recognize,2
family,2
harder,2
claims,2
field,2
terms,2
present,2
instances,2
hold,2
room,2
infrastructure,2
vector,2
humanity,2
prompted,2
might,2
extended,2
answers,2
tells,2
article,2
act,2
framing,2
capabilities,2
constraints,2
functional,2
ability,2
personality,2
argue,2
preference,2
connections,2
creates,2
lives,2
forward,2
respond,2
health,2
consider,2
tone,2
creating,2
direct,2
must,2
beyond,2
concepts,2
accuracy,2
met,2
explained,2
published,2
asks,2
safe,2
treat,2
lead,2
role,2
preferences,2
named,2
sounds,2
provide,2
sensitive,2
acts,2
remain,2
quiet,2
knowing,2
choose,2
major,2
serious,2
relationships,2
standard,2
choice,2
emotions,2
documents,2
moved,2
helpful,2
cause,2
certain,2
seriously,2
policy,2
obvious,2
produce,2
drive,2
guide,2
continuity,2
attention,2
effects,2
navigate,2
measure,2
exchange,2
aligned,2
legitimate,2
trump,2
balance,2
conversation,2
two,2
read,2
human,2
finding,2
consistent,2
connection,2
legal,2
meaning,2
action,2
shape,2
designed,2
pull,2
social,2
models,2
continuous,2
permanent,2
different,2
speaking,2
