ngram,count
https github com,671
https preview redd,363
preview redd it,363
png width format,318
width format png,318
format png auto,318
png auto webp,318
redd it png,315
it png width,315
if you re,179
https www reddit,174
www reddit com,174
this is the,172
with claude code,147
claude code and,139
in claude code,124
using claude code,121
one of the,120
ve been using,110
this is not,97
for claude code,96
you want to,94
if you want,92
https www anthropic,89
www anthropic com,89
been using claude,85
it feels like,82
be able to,78
the first time,76
auto webp https,71
the claude code,70
at the end,70
how do you,70
if you have,70
claude code is,69
claude md http,69
md http claude,69
http claude md,69
the end of,68
webp https preview,67
at this point,66
you need to,65
on the same,64
in the same,63
it would be,62
use claude code,62
on top of,62
anthropics claude code,61
most of the,61
http claude ai,60
github com anthropics,60
claude code to,59
there is no,59
part of the,59
claude ai http,58
ai http claude,58
to do it,57
to claude code,56
of claude code,56
to figure out,56
reddit com claudeai,56
the fact that,56
com anthropics claude,55
some of the,55
to see what,55
at the same,55
as well as,55
in real time,54
the kind of,54
claude code for,54
wanted to share,54
the same thing,53
if you are,52
don know if,51
happy to answer,51
if this is,51
claude code issues,51
com claudeai comments,51
what you re,51
out of the,50
what do you,50
https com status,49
claude com docs,49
com docs en,49
you have to,49
if you ve,49
to see if,49
want to be,49
and it was,48
the whole thing,48
repo https github,48
this is just,48
the ability to,48
let me know,48
github https github,47
anthropic com news,47
this is an,47
love to hear,47
use claude for,47
don know what,47
don want to,46
is not the,46
would love to,45
of the time,45
the same time,45
redd it jpg,45
it jpg width,45
jpg width format,45
width format pjpg,45
format pjpg auto,45
pjpg auto webp,45
this is what,45
seems to be,44
it is the,44
needs to be,44
and claude code,44
so you can,44
to use it,44
and this is,44
all of it,43
was able to,43
you can see,43
supply chain risk,43
using claude for,43
know how to,42
what to do,42
has anyone else,42
it is not,42
to do with,42
going to be,41
in the comments,41
need to be,41
do you think,41
reddit com claudexplorers,41
would like to,41
you re not,40
thank you for,40
not going to,40
back and forth,40
use it for,40
this kind of,40
the context window,40
to do this,39
the pro plan,39
day to day,39
just wanted to,39
on its own,39
the max plan,39
status claude com,39
all of this,38
to answer questions,38
is going to,38
it in the,38
to use claude,37
here is the,37
to help me,37
if you don,37
for the first,37
is the most,36
used to be,36
com news claude,36
what it is,36
claude code cli,36
ask claude to,36
on claude code,36
to be the,36
claude code or,36
the model is,36
asked it to,35
it looks like,35
on claude ai,35
the system prompt,35
over the last,35
one of my,35
when you re,35
the last few,35
all of the,34
for those who,34
over the past,34
in the last,34
in the past,34
is that the,34
https claude ai,34
to be able,34
the same way,34
in way that,33
claude code with,33
lot of people,33
no way to,33
reddit com claudecode,33
the problem is,33
the rest of,33
and if you,33
whether or not,33
that is the,32
all of them,32
what happens when,32
github com claude,32
if you can,32
to see how,32
to go to,32
with claude and,32
https www youtube,32
www youtube com,32
to claude and,31
but this is,31
https claude com,31
https apps apple,31
apps apple com,31
you don have,31
you ve been,31
to get the,31
to use the,31
claude code on,31
it to do,31
most of my,31
com claudecode comments,31
that this is,31
in the first,31
claude code in,31
you re on,31
look at the,31
trying to figure,31
ve been working,31
https status claude,31
youtube com watch,31
as part of,30
is no longer,30
on how to,30
more and more,30
not sure if,30
claude code sessions,30
end of the,30
is anyone else,30
don have to,30
you re right,30
that is not,30
ask it to,30
http ijustvibecodedthis com,29
status https com,29
that you can,29
claude code the,29
and you re,29
is the first,29
for the past,29
is the only,29
for the next,29
and want to,29
your claude code,29
what others are,29
asked claude to,29
the point of,29
been trying to,29
claude has been,29
of the most,29
or not the,29
and it is,29
the most important,28
of the work,28
all the time,28
in the loop,28
have no idea,28
how to use,28
an mcp server,28
the start of,28
we need to,28
over and over,28
but if you,28
is the same,28
and have been,28
an open source,28
the model to,28
claude code session,28
to the point,28
back to the,28
to make it,28
com claudexplorers comments,28
been working on,28
on this is,28
if there is,28
but it is,28
for creative writing,28
lines of code,27
used claude code,27
code claude com,27
claude com en,27
that kind of,27
don know how,27
they re not,27
we ve been,27
rather than just,27
have access to,27
others are reporting,27
it can be,27
platform claude com,27
see what others,27
may not be,27
you can do,27
is an automatic,27
within minutes of,27
and whether or,27
been resolved yet,27
check the performance,27
that claude is,27
code review pass,27
ijustvibecodedthis com http,26
com http ijustvibecodedthis,26
the thing that,26
claude helped me,26
it needs to,26
claude code has,26
apple com us,26
com us app,26
the only one,26
want to use,26
if you use,26
based on the,26
to talk to,26
feel free to,26
https platform claude,26
is in the,26
https fortune com,26
to the user,26
you don need,26
claude status update,26
an automatic post,26
automatic post triggered,26
post triggered within,26
triggered within minutes,26
minutes of an,26
of an official,26
an official claude,26
official claude system,26
claude system status,26
system status update,26
status update incident,26
check on progress,26
on progress and,26
progress and whether,26
not the incident,26
the incident has,26
incident has been,26
has been resolved,26
resolved yet here,26
yet here https,26
here https status,26
claude com incidents,26
com incidents also,26
incidents also check,26
also check the,26
the performance megathread,26
performance megathread to,26
megathread to see,26
are reporting https,26
reporting https www,26
instead of just,25
this is my,25
it to the,25
in the world,25
is the best,25
if anyone wants,25
the same as,25
to fix it,25
claude code skill,25
department of war,25
it does not,25
and how to,25
when it comes,25
of the same,25
to look at,25
do you guys,25
some kind of,25
what are you,25
build with claude,25
elevated error rates,25
at the start,25
here https www,25
trying to understand,25
for the same,24
not sure how,24
for the last,24
just want to,24
news claude opus,24
https code claude,24
the quality of,24
it might be,24
the exact same,24
questions about the,24
there are no,24
if anyone else,24
are going to,24
what it does,24
in the background,24
one of them,24
if anyone has,24
been able to,24
it seems like,24
trying to get,24
even if it,24
claude code was,24
it comes to,24
https youtu be,24
am trying to,24
can see the,24
and that the,24
to make sure,24
the desktop app,24
and wanted to,24
that it is,24
to each other,24
thought it was,23
http github com,23
built with claude,23
support claude com,23
com en articles,23
re going to,23
talking to claude,23
my claude code,23
out how to,23
how are you,23
you use claude,23
want to see,23
to do the,23
anthropic com engineering,23
some of you,23
all of that,23
kind of thing,23
have been using,23
claude code codex,23
in the claude,23
to get to,23
it and it,23
the new model,23
graphql go tools,23
to talk about,23
many of us,22
want to share,22
claude code that,22
to be clear,22
instead of the,22
ai claude code,22
at some point,22
https drive google,22
drive google com,22
google com file,22
you re building,22
to me and,22
they want to,22
what we re,22
use it to,22
your claude md,22
for me to,22
and you can,22
which is the,22
out to be,22
and trying to,22
claude code just,22
of this is,22
comments https www,22
on my own,22
support anthropic com,22
ve been trying,22
https graperoot dev,22
what it was,22
the part that,22
what you need,22
the shape of,22
and then the,21
is one of,21
supposed to be,21
for claude to,21
you can use,21
claude code as,21
what you want,21
com file view,21
to try it,21
know what to,21
to hear what,21
it told me,21
to work on,21
tell it to,21
to be more,21
this is where,21
anyone wants to,21
ve been building,21
claude code https,21
the gap between,21
is there any,21
in terms of,21
on the other,21
with the same,21
want to know,21
appears to be,21
it hard to,21
that can be,21
for it to,21
anthropic com research,21
what is the,21
to switch to,21
has to be,21
