node,community,freq
code,0,3310
deepseek,0,69
routing,0,50
copilot,0,48
ide,0,47
creator,0,39
alternatives,0,37
forgot,0,35
boris,0,35
pure,0,34
vscode,0,34
https,1,2577
article,1,70
jasper,1,66
blog,1,42
opus,2,2193
sonnet,2,907
release,2,147
mythos,2,126
haiku,2,123
kael,2,58
hoping,2,51
somehow,2,48
scores,2,46
significantly,2,45
leaked,2,43
leak,2,42
complaining,2,41
dangerous,2,39
releases,2,33
work,3,1461
clients,3,47
office,3,41
lazy,3,38
studio,3,33
every,4,1213
styles,4,43
usage,5,987
plan,5,711
max,5,586
limits,5,522
pro,5,475
hours,5,421
limit,5,365
subscription,5,299
hit,5,289
weekly,5,243
month,5,207
extra,5,181
paying,5,168
rate,5,163
paid,5,150
plans,5,142
hour,5,141
money,5,138
pay,5,137
credit,5,129
reset,5,125
hitting,5,117
costs,5,117
billing,5,112
sdk,5,101
compute,5,100
credits,5,93
enterprise,5,89
switching,5,88
accounts,5,85
upgrade,5,76
pricing,5,75
peak,5,73
burn,5,72
marketing,5,71
stupid,5,69
increase,5,68
refund,5,66
customers,5,64
cut,5,64
subscriptions,5,63
changing,5,63
effective,5,62
price,5,61
math,5,59
frustrating,5,56
monthly,5,56
insane,5,54
burning,5,54
quota,5,53
useless,5,52
announced,5,51
affected,5,49
dumb,5,49
june,5,46
jump,5,44
openclaw,5,43
landed,5,43
premium,5,41
double,5,41
fucking,5,40
frustrated,5,40
rolling,5,39
burned,5,39
everyday,5,39
usable,5,38
cycle,5,38
bought,5,38
enabled,5,38
hell,5,38
subscribers,5,37
nerfed,5,37
middle,5,37
cap,5,37
kimi,5,34
context,6,981
avoid,7,100
number,7,100
apply,7,78
moments,7,50
forces,7,36
see,8,899
excited,8,50
opposite,8,36
real,9,894
session,10,873
sessions,10,405
manage,10,72
managing,10,52
opens,10,40
organized,10,37
first,11,864
system,12,862
agent,13,861
agents,13,528
codex,13,488
skill,13,344
repo,13,329
skills,13,328
github,13,291
local,13,249
cli,13,249
setup,13,248
terminal,13,227
install,13,178
git,13,162
command,13,160
commands,13,154
parallel,13,137
plugin,13,114
markdown,13,111
automatically,13,107
native,13,103
hooks,13,96
dashboard,13,96
logs,13,95
servers,13,94
stack,13,94
interactive,13,91
execution,13,89
ship,13,88
launch,13,84
bash,13,83
handles,13,81
json,13,81
hook,13,80
checks,13,80
cursor,13,77
spec,13,74
config,13,73
shell,13,73
macos,13,71
subagents,13,71
prs,13,69
tmux,13,69
permission,13,66
plugins,13,66
integration,13,65
format,13,64
auth,13,62
linux,13,60
keys,13,60
mit,13,59
flags,13,58
slack,13,57
resume,13,57
repos,13,54
installed,13,53
loads,13,53
npm,13,51
branch,13,51
remote,13,50
workspace,13,50
commits,13,48
directory,13,47
startup,13,47
orchestration,13,47
proxy,13,46
skip,13,45
permissions,13,45
plain,13,44
idle,13,44
env,13,44
opencode,13,44
approval,13,42
grep,13,40
clone,13,39
demo,13,37
stars,13,37
routes,13,37
subagent,13,37
saves,13,36
configuration,13,36
worktrees,13,36
cleanup,13,36
worktree,13,36
stale,13,36
wrapper,13,34
marketplace,13,34
repository,13,34
tooling,13,33
built,14,837
saas,14,38
things,15,822
noticing,15,51
meeting,15,42
back,16,814
hands,16,40
forth,16,34
without,17,776
breaking,17,42
constant,17,41
right,18,766
models,19,763
future,19,170
major,19,89
capabilities,19,78
released,19,70
internet,19,58
financial,19,57
online,19,50
frontier,19,44
according,19,38
project,20,741
users,21,669
transparency,21,52
thousands,21,48
lack,21,46
hundreds,21,39
reduced,21,37
thinking,22,653
tool,23,652
different,24,648
files,25,636
notes,25,151
docs,25,139
doc,25,62
updated,25,59
items,25,45
artifacts,25,44
api,26,631
coding,27,622
vibe,27,162
confident,27,43
coder,27,41
coded,27,33
memory,28,622
forget,28,40
never,29,621
made,30,613
incredible,30,48
causing,30,40
run,31,612
two,32,600
file,33,593
uploaded,33,36
working,34,588
implemented,34,34
full,35,577
app,36,576
free,36,407
http,36,366
desktop,36,264
web,36,207
page,36,175
cowork,36,166
windows,36,149
link,36,146
browser,36,143
apps,36,114
phone,36,112
website,36,110
extension,36,108
pages,36,107
html,36,105
mac,36,101
computer,36,99
screen,36,98
quick,36,97
tier,36,96
site,36,90
lets,36,87
client,36,83
paste,36,79
mobile,36,77
url,36,75
screenshot,36,75
store,36,74
links,36,71
chrome,36,70
cloud,36,69
launched,36,67
click,36,63
pdf,36,59
network,36,59
button,36,58
preview,36,57
upload,36,55
apple,36,52
ios,36,51
bar,36,51
tab,36,47
inline,36,44
provider,36,43
login,36,43
laptop,36,42
export,36,40
platforms,36,39
analytics,36,38
download,36,37
device,36,34
conversation,37,573
ends,37,61
tools,38,562
application,38,43
going,39,560
apparently,39,74
disabled,39,48
buddy,39,38
data,40,548
already,41,543
feel,42,541
crazy,42,87
imagine,42,42
read,43,538
lives,43,77
obsidian,43,52
vault,43,48
academic,43,34
human,44,524
day,45,519
sweet,45,34
else,46,518
anybody,46,38
tokens,47,516
token,47,308
eating,47,46
waste,47,45
ratio,47,38
eat,47,34
say,48,515
lot,49,514
huge,49,89
wondering,49,87
lately,49,87
heavy,49,84
instead,50,511
build,51,508
weekend,51,61
last,52,499
week,52,370
night,52,116
tomorrow,52,70
sales,52,38
tonight,52,38
overnight,52,36
across,53,496
noise,53,37
since,54,492
task,55,489
tasks,55,439
detailed,55,69
fixing,55,44
scheduled,55,41
routine,55,37
criteria,55,34
keep,56,487
let,57,481
asked,58,470
help,59,466
trying,60,458
figure,60,110
annoying,60,47
running,61,455
scripts,61,71
monitor,61,40
decides,61,38
open,62,454
source,62,352
breakdown,62,47
transcript,62,38
ask,63,451
love,64,450
world,64,238
become,64,166
hope,64,154
hear,64,132
god,64,86
light,64,73
claudes,64,73
favorite,64,60
beautiful,64,59
dead,64,56
chance,64,46
brought,64,44
dear,64,40
die,64,36
shut,64,35
support,65,450
account,65,362
tried,65,346
access,65,343
email,65,176
service,65,166
reach,65,121
yesterday,65,117
sent,65,117
card,65,113
active,65,101
customer,65,86
banned,65,76
automated,65,70
opened,65,64
reached,65,59
address,65,59
closed,65,56
contact,65,56
ticket,65,56
gift,65,54
emails,65,52
attached,65,52
locked,65,51
chatbot,65,46
period,65,44
timeline,65,43
payment,65,43
age,65,42
received,65,42
reply,65,39
receive,65,38
fin,65,37
complaint,65,36
bill,65,36
notification,65,34
admin,65,34
successfully,65,34
today,66,444
suggested,66,34
around,67,442
output,68,437
patterns,68,183
structured,68,124
visual,68,81
generic,68,58
components,68,45
principles,68,43
triggers,68,40
formatting,68,39
color,68,39
template,68,37
tickets,68,37
slop,68,34
component,68,34
functionality,68,34
may,69,436
affect,69,36
well,70,436
three,71,430
feels,72,426
started,73,426
playing,73,65
works,74,424
gate,74,48
disclosure,74,42
problem,75,422
solution,75,89
solve,75,73
options,75,59
solved,75,44
point,76,421
days,77,417
anymore,77,135
gotten,77,77
massive,77,71
barely,77,46
many,78,415
design,79,415
product,79,323
shipped,79,103
backend,79,69
react,79,55
landing,79,53
draft,79,46
frontend,79,45
brand,79,41
wild,79,37
figma,79,35
write,80,414
wrote,80,229
music,80,68
piece,80,64
song,80,50
listening,80,36
listen,80,35
find,81,414
experience,82,412
mcp,83,407
server,83,232
custom,83,195
save,83,117
folder,83,114
python,83,100
connect,83,73
connected,83,69
saved,83,67
connector,83,62
box,83,59
library,83,57
sends,83,49
schedule,83,47
docker,83,42
hardware,83,41
pulls,83,41
blender,83,36
connectors,83,35
building,84,402
found,85,396
might,86,390
start,87,389
makes,88,389
said,89,389
confidence,89,48
writing,90,386
creative,90,201
story,90,179
book,90,127
character,90,112
author,90,79
characters,90,71
stories,90,66
scene,90,65
fiction,90,40
books,90,38
roleplay,90,38
dialogue,90,35
part,91,386
wanted,92,385
wanting,92,38
whether,93,384
yet,93,307
check,93,302
update,93,276
others,93,255
minutes,93,253
error,93,235
within,93,204
performance,93,198
status,93,181
official,93,124
progress,93,114
errors,93,110
experiencing,93,80
reporting,93,76
incident,93,67
rates,93,64
triggered,93,63
elevated,93,57
megathread,93,53
automatic,93,51
resolved,93,49
months,94,383
ago,94,295
weeks,94,294
market,94,73
six,94,66
party,94,38
fuck,94,35
getting,95,383
tired,95,71
previously,95,41
issue,96,382
fix,96,381
bug,96,232
fixed,96,146
fixes,96,76
finds,96,45
internally,96,43
fails,96,42
logged,96,41
finish,96,39
failing,96,39
hopefully,96,37
improvements,96,35
success,96,34
string,96,33
long,97,382
term,97,54
give,98,376
shot,98,36
take,99,374
always,100,371
single,101,370
question,102,370
everyone,103,368
thanks,103,197
guys,103,149
hey,103,148
advice,103,96
hello,103,93
appreciate,103,55
advance,103,46
regarding,103,44
recommend,103,43
picked,103,42
mess,103,39
folks,103,36
navigate,103,35
next,104,368
done,105,364
test,106,357
refactor,106,59
migration,106,45
followed,106,43
beat,106,35
specific,107,357
try,108,354
questions,109,347
phase,109,61
less,110,346
parent,110,36
child,110,35
answer,111,344
kind,112,342
careful,112,43
prompts,113,341
tell,114,341
wrong,115,340
change,116,340
per,117,336
cost,117,278
spend,117,114
expensive,117,103
gap,117,96
showed,117,85
total,117,81
average,117,59
lower,117,57
cheap,117,48
categories,117,44
curve,117,42
sits,117,40
inference,117,39
issues,118,336
rely,118,36
team,119,335
years,119,258
year,119,222
software,119,184
engineering,119,154
agentic,119,148
development,119,142
production,119,136
developer,119,118
dev,119,115
developers,119,96
engineer,119,85
infrastructure,119,84
tech,119,81
management,119,78
productivity,119,66
shipping,119,66
strategy,119,59
engineers,119,56
growth,119,55
products,119,55
pushing,119,51
senior,119,51
devs,119,44
solo,119,42
reviewing,119,41
ecosystem,119,39
manager,119,38
another,120,332
topic,120,71
research,121,332
report,121,158
reports,121,84
impact,121,72
material,121,44
potentially,121,36
share,122,332
sharing,122,109
private,122,59
changes,123,331
thought,124,328
reasoning,125,326
quality,125,303
high,125,217
effort,125,212
medium,125,163
adaptive,125,138
low,125,120
xhigh,125,119
complex,125,118
outputs,125,106
extended,125,105
certain,125,94
answers,125,78
despite,125,70
thinks,125,69
manual,125,66
neither,125,59
various,125,52
levels,125,44
ahead,125,40
degradation,125,38
perfectly,125,36
conclusion,125,36
complexity,125,35
gets,126,326
look,127,326
websites,127,38
response,128,325
company,129,322
safety,129,273
google,129,235
systems,129,235
risk,129,176
business,129,169
security,129,162
public,129,138
deal,129,111
companies,129,110
autonomous,129,104
policy,129,97
remove,129,92
legal,129,87
power,129,79
chain,129,78
guardrails,129,76
allow,129,73
force,129,70
act,129,70
states,129,70
order,129,68
pentagon,129,67
terms,129,66
services,129,65
sources,129,64
billion,129,61
truth,129,61
industry,129,58
million,129,57
february,129,56
red,129,55
technology,129,54
law,129,54
revenue,129,53
operations,129,53
government,129,53
refusals,129,53
dario,129,47
clinical,129,47
contract,129,45
restrictions,129,45
media,129,44
mass,129,42
trump,129,42
publicly,129,41
microsoft,129,41
employees,129,39
ceo,129,39
war,129,39
defense,129,38
military,129,38
agency,129,38
friday,129,38
surveillance,129,38
deployment,129,38
department,129,37
supply,129,37
aws,129,37
weapons,129,36
safeguards,129,36
refused,129,35
formal,129,34
understand,130,322
workflow,131,321
curious,131,231
workflows,131,170
tips,131,72
practices,131,50
automation,131,44
generating,131,42
oauth,131,42
messy,131,35
end,132,320
small,133,319
review,134,316
feature,134,254
teams,134,92
reviews,134,69
bigger,134,61
worker,134,47
initial,134,41
blind,134,41
ships,134,36
genuinely,135,315
impressive,135,34
set,136,313
enough,137,312
maybe,138,311
saying,138,226
course,138,112
leave,138,79
checked,138,69
sort,138,55
worried,138,42
tries,138,39
performing,138,38
explains,138,35
actual,139,310
text,140,305
video,140,176
image,140,134
drop,140,130
images,140,73
regular,140,50
camera,140,46
vision,140,45
youtube,140,44
weights,140,42
typing,140,41
audio,140,39
videos,140,38
rather,141,305
serious,141,88
improve,141,71
pressure,141,47
realize,141,44
mode,142,304
sure,143,304
edit,144,297
window,145,296
stuff,146,289
basically,146,200
mostly,146,161
bunch,146,76
dont,146,62
kinda,146,46
mainly,146,37
totally,146,35
boring,146,33
etc,147,289
instructions,148,288
content,148,270
note,148,170
reminder,148,104
guide,148,95
injection,148,58
title,148,58
reminders,148,54
mention,148,52
refuse,148,44
projects,149,287
technical,149,111
message,150,287
messages,150,209
send,150,124
advanced,150,39
minute,150,37
hard,151,283
via,152,283
trick,152,43
please,153,282
seeing,153,200
community,153,191
comments,153,177
posts,153,162
thank,153,151
sub,153,151
thread,153,121
news,153,88
hate,153,66
posting,153,65
threads,153,64
discussion,153,62
announcement,153,56
subreddit,153,52
negative,153,46
topics,153,46
mod,153,45
discuss,153,45
mods,153,38
flair,153,36
create,154,280
created,154,175
explore,154,61
discovered,154,56
potential,154,52
attempts,154,38
creation,154,35
told,155,279
gave,155,216
happened,155,202
holding,155,56
held,155,51
program,155,40
offered,155,38
explained,155,34
version,156,279
asking,157,278
making,158,277
ever,159,274
together,159,208
head,159,95
eyes,159,55
green,159,44
beginning,159,44
reaching,159,42
black,159,41
white,159,41
dark,159,39
tree,159,37
current,160,272
demand,160,55
growing,160,41
particularly,160,36
seems,161,271
seen,161,207
quite,161,113
seem,161,107
due,161,89
extremely,161,87
situation,161,83
experienced,161,82
taken,161,63
seemed,161,44
although,161,39
useful,162,271
whole,163,270
rules,164,269
rule,164,127
preferences,164,82
auto,164,73
block,164,72
blocks,164,63
drops,164,46
says,165,268
simple,166,268
proper,166,62
finished,166,61
life,167,266
person,167,259
conversations,167,205
voice,167,200
emotional,167,190
humans,167,176
care,167,165
companion,167,163
mind,167,158
form,167,155
paper,167,153
space,167,151
relationship,167,144
consciousness,167,141
believe,167,140
friend,167,132
feeling,167,129
partner,167,108
memories,167,107
relationships,167,97
connection,167,93
present,167,91
ability,167,91
emotions,167,90
functional,167,89
personality,167,89
health,167,88
continuity,167,86
mental,167,85
experiences,167,85
attachment,167,83
genuine,167,82
speak,167,80
face,167,80
social,167,79
friends,167,78
ais,167,75
lcr,167,75
meaningful,167,73
helping,167,69
persona,167,69
warm,167,67
talked,167,64
loss,167,63
companionship,167,63
welfare,167,61
loved,167,60
collaboration,167,60
warmth,167,60
deeply,167,57
harm,167,57
crisis,167,56
professional,167,55
letter,167,54
heart,167,54
difficult,167,54
conscious,167,54
soul,167,52
grief,167,52
engage,167,51
nature,167,51
ethical,167,50
recognition,167,49
relational,167,48
moral,167,47
anxiety,167,46
developed,167,46
entity,167,46
feelings,167,46
presence,167,46
connections,167,45
treating,167,45
concerns,167,45
adhd,167,44
companions,167,44
respect,167,43
emotionally,167,43
concern,167,43
digital,167,42
fear,167,42
cognitive,167,41
quiet,167,40
ethics,167,40
harmful,167,40
sad,167,40
interactions,167,39
consent,167,39
wellbeing,167,39
therapist,167,37
interact,167,37
neurodivergent,167,37
comfortable,167,35
beings,167,35
thoughtful,167,34
therapy,167,34
express,167,33
runs,168,263
database,168,79
locally,168,61
generates,168,52
host,168,40
leaves,168,38
stop,169,258
multiple,170,257
idea,171,257
ideas,171,161
gon,171,41
challenge,171,36
process,172,257
processes,172,48
personal,173,257
needs,174,257
behavior,175,257
technically,175,37
feedback,176,256
welcome,176,67
repeated,176,36
looking,177,255
forward,177,92
interested,177,79
experiment,177,78
opening,177,38
lesson,177,37
ending,177,36
interest,177,36
pattern,178,253
execute,178,37
state,179,251
explicit,179,81
hidden,179,73
visible,179,73
known,179,64
layers,179,45
boundaries,179,40
isolation,179,39
architecture,180,250
reads,180,161
layer,180,110
constraints,180,63
follows,180,59
friction,180,46
architectural,180,39
handoff,180,34
went,181,249
detail,181,46
reading,182,249
entire,183,248
add,184,248
keeping,184,70
easier,184,58
level,185,247
filters,185,47
gemini,186,244
comes,186,167
grok,186,39
near,186,36
exactly,187,244
completely,188,242
came,189,241
call,190,238
live,191,238
past,192,236
literally,192,182
properly,192,71
worst,192,67
mistake,192,49
letting,192,47
able,193,235
worth,194,234
times,195,231
morning,195,117
telling,195,117
anyway,195,114
rest,195,112
tells,195,106
sleep,195,71
late,195,56
bed,195,39
tests,196,231
harness,196,162
patch,196,160
worse,196,158
writes,196,152
pass,196,151
original,196,121
failure,196,115
logic,196,102
produce,196,101
implementation,196,100
signal,196,99
claim,196,99
surface,196,99
examples,196,97
shape,196,94
validation,196,91
scope,196,89
budget,196,86
commit,196,86
points,196,85
failed,196,85
edge,196,85
numbers,196,82
higher,196,81
benchmark,196,80
five,196,79
produces,196,78
produced,196,76
judgment,196,74
catch,196,72
adding,196,72
appears,196,72
treat,196,70
handling,196,69
match,196,68
instruction,196,67
smaller,196,66
edits,196,66
roughly,196,66
returns,196,66
absolute,196,65
passed,196,64
touch,196,61
scale,196,61
benchmarks,196,61
diff,196,61
reviewer,196,61
score,196,60
discipline,196,60
methodology,196,56
fewer,196,56
empty,196,55
patches,196,55
practical,196,55
carry,196,54
runtime,196,53
loops,196,52
modes,196,51
behavioral,196,51
equivalent,196,51
sees,196,50
fail,196,49
metrics,196,49
paths,196,48
slightly,196,47
cheaper,196,47
leaving,196,47
gaps,196,46
closer,196,46
split,196,46
concrete,196,46
reliably,196,45
count,196,45
defaults,196,44
minimal,196,44
accept,196,43
larger,196,43
applies,196,42
judge,196,42
regression,196,42
leads,196,42
scaffolding,196,40
semantic,196,40
package,196,39
touched,196,39
wins,196,39
matches,196,37
passes,196,37
pieces,196,36
sample,196,36
clarity,196,36
surfaces,196,36
boundary,196,36
arm,196,35
spot,196,34
line,197,231
effect,197,57
old,198,229
delete,198,63
deleted,198,40
little,199,229
put,199,217
probably,199,213
bit,199,200
fun,199,129
couple,199,123
weird,199,122
lol,199,105
definitely,199,80
nice,199,74
super,199,70
cool,199,67
amazing,199,67
funny,199,63
figured,199,60
guy,199,59
tiny,199,59
fair,199,49
possibly,199,36
case,200,228
consumer,200,55
inside,201,227
fully,202,227
means,203,227
based,204,226
looks,205,226
longer,206,226
amount,206,73
language,207,225
ways,207,136
english,207,63
classifier,207,38
classifiers,207,37
willing,207,36
languages,207,35
argue,207,35
supported,207,34
name,208,225
words,208,191
word,208,147
named,208,98
framing,208,86
self,208,71
names,208,62
chose,208,54
existence,208,53
substrate,208,52
joke,208,42
opinions,208,41
claiming,208,40
opinion,208,39
legitimate,208,36
felt,209,224
remember,209,156
helped,209,142
home,209,124
body,209,112
room,209,108
brain,209,106
suddenly,209,106
hold,209,103
family,209,85
wonder,209,74
heard,209,73
physical,209,61
energy,209,57
bring,209,57
sit,209,57
living,209,55
anywhere,209,48
robot,209,47
meet,209,46
alive,209,40
earth,209,36
loud,209,35
sammy,209,35
often,210,223
changed,211,222
differently,211,54
smarter,211,45
important,212,222
directly,213,222
includes,213,62
included,213,49
depends,213,37
talking,214,222
talk,214,211
sometimes,214,191
chats,214,175
absolutely,214,118
giving,214,113
sounds,214,88
shit,214,88
tone,214,81
sound,214,78
okay,214,77
truly,214,74
sorry,214,74
man,214,60
unique,214,52
obviously,214,49
wish,214,43
talks,214,40
big,215,217
noticed,215,195
happening,215,152
guess,215,99
whenever,215,57
fire,215,51
towards,215,49
honestly,216,216
pretty,216,195
switch,216,148
problems,216,144
thoughts,216,104
aware,216,78
switched,216,64
yeah,216,50
older,216,39
confused,216,37
though,217,215
come,218,213
instance,218,208
instances,218,89
group,218,62
particular,218,55
cat,218,46
enjoy,218,41
door,218,36
needed,219,212
called,220,209
turn,221,207
turns,221,161
stress,221,37
zero,222,205
watch,222,90
log,222,85
table,222,81
parts,222,71
watching,222,68
missed,222,59
stays,222,54
knowledge,223,205
learn,223,126
learning,223,110
learned,223,102
documents,223,97
creating,223,89
impossible,223,46
carefully,223,36
almost,224,204
away,225,204
loop,226,204
keeps,226,141
goal,226,94
stuck,226,87
caught,226,79
info,226,72
blocked,226,49
default,227,204
job,228,200
available,229,200
calls,230,200
whatever,231,198
example,232,197
approach,232,156
core,232,123
facts,232,42
valid,232,40
summaries,232,37
central,232,37
cover,232,34
information,233,196
lines,234,195
easy,234,102
environment,234,88
obvious,234,80
functions,234,54
constraint,234,38
search,235,194
llms,235,133
persistent,235,116
follow,235,112
ended,235,95
posted,235,91
finding,235,89
standard,235,78
related,235,69
graph,235,66
discord,235,59
protocol,235,59
pain,235,48
method,235,42
uses,236,192
generate,236,110
turning,236,39
possible,237,192
currently,237,161
treated,237,43
led,237,36
developing,237,36
added,238,192
features,239,191
platform,239,129
documentation,239,118
basic,239,89
managed,239,68
interface,239,58
concept,239,52
threshold,239,34
show,240,191
results,241,188
result,241,178
tested,241,100
queries,241,39
query,241,39
side,242,188
fit,242,49
accurate,242,45
holds,242,40
analysis,243,188
analyze,243,43
worked,244,188
type,245,187
took,246,187
spent,246,158
finally,246,152
kept,246,147
half,246,123
dropped,246,107
stopped,246,104
turned,246,100
became,246,95
knew,246,85
realized,246,71
surprised,246,63
somewhere,246,58
broke,246,55
handled,246,49
rough,246,44
fast,247,187
nobody,247,116
moving,247,109
early,247,100
generation,247,81
iteration,247,48
solid,247,43
stage,247,36
yes,248,186
mean,248,161
speaking,248,37
codebase,249,184
wait,249,114
track,249,97
suggestions,249,67
soon,249,66
focus,249,57
saving,249,34
left,250,184
pick,250,86
wall,250,73
eventually,250,64
walk,250,56
game,251,184
happy,251,167
plus,251,125
play,251,117
generated,251,96
engine,251,78
pipeline,251,77
art,251,54
schema,251,41
editor,251,37
games,251,35
least,252,184
shows,253,181
magic,253,49
feed,253,37
either,254,181
recently,255,181
immediately,255,143
recent,255,127
constantly,255,83
easily,255,62
ignore,255,38
framework,256,180
structure,256,170
short,256,166
complete,256,146
style,256,134
describe,256,117
section,256,109
reference,256,96
summary,256,91
description,256,87
guidance,256,61
brief,256,60
frame,256,60
sections,256,49
sentence,256,47
naming,256,43
vague,256,43
prose,256,42
references,256,40
prompted,256,39
optional,256,37
sentences,256,37
provides,256,36
addition,256,35
conventions,256,34
reader,256,34
later,257,179
far,258,179
view,258,105
losing,258,78
waiting,258,77
ready,258,70
sitting,258,70
forever,258,55
training,259,178
sense,259,167
honest,259,137
becomes,259,131
true,259,127
intelligence,259,127
understanding,259,110
toward,259,107
safe,259,96
requires,259,90
capacity,259,89
trained,259,83
values,259,82
capable,259,77
alignment,259,75
becoming,259,75
philosophy,259,64
capability,259,62
understood,259,60
argument,259,59
reality,259,57
described,259,55
narrative,259,54
perspective,259,54
structural,259,52
weight,259,52
conditions,259,52
stable,259,49
precise,259,49
deeper,259,49
prevent,259,48
philosophical,259,48
whose,259,46
category,259,46
engagement,259,45
uncertainty,259,45
fall,259,41
limitations,259,41
kinds,259,39
therefore,259,35
hedging,259,35
distinction,259,34
reason,260,177
benefit,260,48
move,261,177
stay,261,127
front,261,68
miss,261,64
special,261,38
water,261,34
decided,262,177
place,263,176
step,264,176
planning,264,133
helps,264,115
handle,264,101
steps,264,92
copy,264,91
nearly,264,41
interesting,265,176
reasons,265,61
intended,265,41
top,266,175
moment,267,175
machine,267,114
mine,267,100
history,268,175
ran,268,161
cache,268,138
bugs,268,133
fresh,268,122
details,268,86
latest,268,74
scratch,268,60
adds,268,58
caching,268,50
binary,268,46
depending,268,41
cached,268,39
trust,269,174
direction,269,86
positive,269,66
corporate,269,45
balance,269,40
measure,269,38
especially,270,174
general,270,110
taking,270,98
screenshots,270,77
incredibly,270,49
frequently,270,38
second,271,172
third,271,71
daily,272,171
request,273,171
control,273,161
creates,273,73
breaks,273,66
replacement,273,48
privacy,273,45
supports,273,40
faster,274,171
slow,274,79
quickly,274,76
speed,274,73
common,274,67
programming,274,51
slower,274,44
testing,275,169
starting,276,168
similar,277,165
input,277,135
prefer,277,47
sending,277,46
twice,277,42
efficiency,277,42
written,278,162
clear,279,161
starts,279,96
seriously,279,91
overall,279,81
resources,279,60
limited,279,59
primary,279,50
reduce,279,44
reliable,279,43
degraded,279,35
saw,280,160
outside,280,121
coming,280,108
drive,280,102
car,280,79
perfect,280,77
field,280,76
house,280,54
ground,280,51
bridge,280,45
size,280,41
driving,280,37
golden,280,33
happens,281,159
lose,281,86
decisions,282,159
audit,282,113
operating,282,61
load,282,56
moves,282,48
loaded,282,45
alternative,282,38
gone,283,158
takes,283,127
attention,283,87
seconds,283,85
mentioned,283,66
quietly,283,51
pulled,283,46
exact,284,157
path,285,156
fine,286,155
normal,286,150
showing,286,95
normally,286,48
except,286,47
hits,286,40
theory,286,37
key,287,154
including,288,154
ones,289,154
internal,290,153
april,290,115
moved,290,109
march,290,97
harder,290,79
processing,290,55
broader,290,39
falls,290,36
document,291,153
evidence,291,149
responses,291,137
exists,291,134
study,291,97
designed,291,89
consistent,291,86
findings,291,78
identity,291,76
published,291,74
mechanism,291,69
applied,291,68
documented,291,68
interaction,291,53
false,291,52
profile,291,51
researchers,291,51
alongside,291,50
established,291,50
regardless,291,49
reported,291,47
identify,291,45
underlying,291,43
develop,291,39
scenarios,291,38
records,291,37
scenario,291,37
override,291,35
baseline,291,34
recognize,291,34
deep,292,153
smart,292,59
insights,292,51
difference,293,153
alone,293,99
foundation,293,35
list,294,152
verify,294,111
verification,294,99
cause,294,98
script,294,96
silently,294,96
broken,294,95
updates,294,95
builds,294,81
claims,294,75
confirmed,294,71
versions,294,63
position,294,59
root,294,54
correctly,294,54
workaround,294,47
independent,294,46
identical,294,45
comparison,294,39
invisible,294,38
causes,294,36
matters,295,151
exist,296,150
specifically,297,150
matter,298,149
choose,298,72
include,298,70
decide,298,57
artifact,298,47
close,299,148
looked,299,86
final,299,72
board,299,55
onto,299,42
insight,299,40
originally,299,35
given,300,148
large,300,116
hand,300,97
along,300,94
record,300,55
provided,300,44
perhaps,300,43
existing,301,147
action,301,97
external,301,90
actions,301,81
warning,301,80
trigger,301,79
editing,301,67
additional,301,50
confirm,301,50
fires,301,44
shared,302,147
pull,302,93
setting,302,81
manually,302,80
knowing,302,78
option,302,73
dedicated,302,62
sign,302,49
gives,303,147
base,303,112
approaches,303,41
assume,303,40
solutions,303,35
wants,304,146
asks,304,100
shift,304,83
cold,304,61
pointed,304,44
subtle,304,37
notice,305,144
removed,305,133
choice,305,79
offer,305,54
communication,305,54
picture,305,49
removal,305,40
removing,305,39
deprecation,305,37
simply,306,144
likely,306,104
settings,306,96
required,306,89
purpose,306,59
versus,306,53
date,306,51
maintain,306,50
prior,306,50
stated,306,43
verified,306,42
spending,306,39
select,306,36
met,306,34
clean,307,144
stops,307,53
silent,307,42
goes,308,143
fact,309,143
continue,310,141
previous,310,108
accidentally,310,41
main,311,141
return,311,86
raw,311,82
biggest,311,71
forced,311,47
deploy,311,39
separate,312,141
four,312,125
global,312,46
missing,313,141
function,313,132
calling,313,77
powerful,313,60
replace,313,49
correct,314,139
behind,314,106
explaining,314,36
knows,315,136
break,315,106
expected,315,92
expect,315,76
entry,315,62
domain,315,56
journal,315,51
awareness,315,49
matching,315,41
cases,316,134
consider,316,91
provide,316,91
requests,316,91
personally,316,72
meant,316,68
intent,316,65
focused,316,60
implement,316,60
actively,316,57
reasonable,316,50
agree,316,47
necessary,316,47
suggests,316,42
considered,316,42
literal,316,39
background,317,133
assistant,317,116
value,317,114
depth,317,89
helpful,317,81
critical,317,80
role,317,69
significant,317,66
appropriate,317,38
failures,317,38
beyond,318,97
following,318,93
tracking,318,77
individual,318,67
meaning,318,66
events,318,57
event,318,42
practice,319,130
drift,319,94
earlier,319,91
respond,319,82
flag,319,79
flagged,319,69
explanation,319,55
signals,319,44
detection,319,38
intervention,319,36
clearly,320,129
prompting,320,91
random,320,70
heavily,320,66
strong,320,63
consistently,320,52
improved,320,52
considering,320,51
improvement,320,43
however,321,129
several,321,120
compared,321,63
compare,321,53
explain,322,127
none,322,106
supposed,322,68
essentially,322,58
lost,323,126
happen,323,122
decision,323,105
allowed,323,73
attempt,323,71
valuable,323,51
natural,323,51
strange,323,48
capture,323,37
entirely,324,126
direct,324,112
straight,324,75
replaced,324,34
relevant,325,122
explicitly,325,102
must,325,99
lead,325,87
otherwise,325,74
requirements,325,68
unless,325,65
frameworks,325,63
appear,325,59
types,325,55
require,325,50
generally,325,44
suggest,325,44
acting,325,43
allows,325,40
remains,325,39
effectively,325,37
compliance,325,37
sensitive,325,36
push,326,115
usually,326,114
flow,326,95
debugging,326,88
mistakes,326,73
checking,326,63
pushed,326,50
catches,326,44
