post_id,createdAt,subreddit,left_context,keyword,right_context
1te6le4,2026-05-15 19:30:46,ClaudeAI,whats wrong with cc memory,exhausted,i was doing some code works when i noticed my
1s3vxgm,2026-03-26 03:00:36,ClaudeCode,authentic writing i 'm,exhausted,i 'm going to stop being dragged around by ai
1t54zdn,2026-05-06 06:39:09,ClaudeCode,writing a single line of code i felt devastated and,exhausted,never in my life have i felt so bad about
1sxnff2,2026-04-28 01:41:49,Anthropic,2x 5hr windows,exhausted,only 500k tokens used
1sw8npc,2026-04-26 14:14:23,ClaudeAI,topical or thematic identification by the time those four were,exhausted,the only remaining channel through which the model could know
1sz2nf3,2026-04-29 15:46:53,ClaudeAI,again by the end of the day i feel mentally,exhausted,like i 've been working for 20 hours but then
1sp577l,2026-04-18 18:21:14,Anthropic,normal for claude two days in a row it 's,exhausted,my entire free tier limits over some basic data analysis
1s2fx9o,2026-03-24 14:50:26,ClaudeCode,reached in 10 15 minutes on opus full weekly limits,exhausted,in a single afternoon on max 100 200/month plans and
1tdmgac,2026-05-15 05:10:40,Anthropic,personal question does anyone else feel,exhausted,after developing with claude i have only started using claude
1t0ou1r,2026-05-01 09:49:34,ClaudeCode,strongly recommend you do n't use ultrareview after you 've,exhausted,your free usage it is not 20 per run more
1t0ot3p,2026-05-01 09:48:06,Anthropic,strongly recommend you do n't use ultrareview after you 've,exhausted,your free usage it is not 20 per run more
1tc0dkj,2026-05-13 13:54:35,Anthropic,today i woke up and my session limit was already,exhausted,even though i hadn t used claude at all during
1srr4pc,2026-04-21 15:30:33,ClaudeCode,all the continuous reduction of message limits until they were,exhausted,in less than an hour of intensive work i was
1sn4dji,2026-04-16 13:59:55,claudexplorers,is engineered too and in that case the category is,exhausted,by the design with llms it isn t the model
1sujpzf,2026-04-24 15:55:34,claudexplorers,anxiety was like a smoke alarm and i was terribly,exhausted,and sleep deprived and an alter-self came to front with
1sujpzf,2026-04-24 15:55:34,claudexplorers,was able to go about my life yesterday in the,exhausted,state i was in without carrying the additional burden that
1q4xfm0,2026-01-05 20:42:15,Anthropic,we don t break things no videos today i m,exhausted,from the week but not giving up still very much
1s4vprq,2026-03-27 05:47:41,claudexplorers,and ai limitations get sidetracked and downvoted because people are,exhausted,from the bad-faith stuff we want to draw a clearer
1t5pecr,2026-05-06 20:48:02,claudexplorers,to doing physical work all day i 'm just completely,exhausted,totally wiped out i do n't have the energy to
1t11mmy,2026-05-01 18:26:06,ClaudeAI,actual issue but i guess i get that everyone is,exhausted,from reading ai slop
